N,P,K,temperature,humidity,ph,rainfall,label
84,57,25,22.53510514,67.99257471,6.489040367,64.40866039,maize
15,140,195,13.28504331,83.54193816,5.69945282,65.80006004,grapes
109,12,48,29.45771748,92.12534736,6.708743843,20.76212031,muskmelon
63,37,43,23.41798979,85.08640476,6.661957897,185.7446728,jute
9,77,17,20.12373284,24.45202552,5.783425416,106.158201,kidneybeans
11,78,22,23.89756791,22.74378977,5.940546818,112.6616435,kidneybeans
3,27,44,24.56811204,92.03009222,6.591302797,110.9633894,pomegranate
78,37,22,25.34217103,63.31801994,6.330554389,74.52082026,maize
84,29,49,29.94349168,93.90741192,6.251420275,20.39020503,muskmelon
17,52,17,27.88352946,86.45147631,6.364967184,44.64407105,mungbean
19,79,19,20.06003985,67.76252583,6.677262562,42.89509057,lentil
2,38,18,27.53632932,89.92908171,6.619891498,45.48591922,mungbean
5,19,25,27.3511056,54.43945147,6.441328044,96.27792547,mango
39,76,76,19.96837462,15.57324389,8.135900726,69.15759062,chickpea
22,38,31,31.53356352,53.06009323,5.821106036,98.57025046,mango
28,59,22,30.90607799,52.79913039,7.05181629,170.9919828,pigeonpeas
85,25,47,26.11440416,87.64081095,6.29542477,58.48160844,watermelon
71,52,18,25.10787449,55.97732754,5.790770203,78.16077693,maize
22,18,33,30.41235793,52.48100602,6.621623545,93.92375879,mango
28,6,40,22.10621387,91.34039616,6.769855664,106.8704803,pomegranate
100,40,35,27.56441788,54.41094079,6.955787351,177.816092,coffee
24,21,42,20.82210727,87.22815682,6.999014379,109.4429934,pomegranate
2,120,203,23.12652652,94.71203306,5.893492999,108.6211833,apple
0,137,195,22.4359017,80.18612085,6.329499832,65.3973168,grapes
88,46,42,22.68319059,83.46358271,6.604993475,194.2651719,rice
7,144,197,23.8494014,94.34814995,6.133220586,114.0512495,apple
39,64,52,28.91842453,94.63676767,6.678695788,63.68794608,papaya
30,44,16,29.73013036,82.89166381,6.442335593,50.91511275,mungbean
36,128,204,25.23542319,80.68700527,5.695792761,67.03840888,grapes
37,18,30,27.63551259,99.34854917,6.38488418,157.9171537,coconut
24,14,33,29.38072512,93.27565685,6.366219551,218.5241851,coconut
31,36,29,33.93679864,52.72170281,6.460542749,97.4611918,mango
32,12,30,25.39241091,98.08951196,5.579845008,218.080385,coconut
40,17,15,21.35093384,90.9492967,7.871063004,107.0862095,orange
90,57,24,18.92851916,72.80086137,6.158860284,82.34162918,maize
32,57,18,15.53834801,23.75560241,5.695422863,107.3850593,kidneybeans
14,131,198,33.4641162,83.86742974,5.562790949,67.92204319,grapes
30,25,31,26.31270635,98.62048026,5.804965067,208.1181381,coconut
0,12,7,20.18432263,90.65458473,6.969249676,116.8130969,orange
83,58,23,19.74213321,59.66263104,6.381201909,65.50861389,maize
4,20,25,28.93270187,47.94053996,5.664587011,99.9834242,mango
11,71,24,21.14011423,22.7182355,5.606620346,141.6056722,kidneybeans
5,8,5,11.03367937,92.22706805,6.562594972,112.7715925,orange
93,47,37,21.53346343,82.14004101,6.500343222,295.9248796,rice
91,36,45,24.44345477,82.45432595,5.950647577,267.9761948,rice
39,65,53,35.33294932,92.11508608,6.560743093,235.6133585,papaya
131,35,18,24.49112609,82.24415809,7.057693366,64.02949379,cotton
7,11,32,29.25902906,95.11294697,5.542169139,184.7624496,coconut
36,27,26,26.58413917,95.78923137,6.25449571,171.6262299,coconut
0,5,36,24.35193812,90.88612388,6.152906502,105.529185,pomegranate
94,26,27,26.36629861,52.25738495,7.456460375,177.3176161,coffee
8,23,38,19.30106297,87.1775172,7.005410734,105.4766591,pomegranate
29,72,24,23.17409556,36.67847052,6.962386495,162.5931264,pigeonpeas
38,68,54,29.33710543,90.81781439,6.739170045,202.0572747,papaya
17,77,24,20.76952209,18.93146941,5.568456899,109.0193712,kidneybeans
35,18,26,31.99490489,50.84881347,5.279388967,97.38741498,mango
1,17,6,10.78689755,91.38411917,6.8198271,117.5293447,orange
14,128,205,22.60800988,94.58900601,6.226289556,116.0396587,apple
123,50,16,23.04920461,75.53835214,6.498052108,70.65644296,cotton
36,29,13,20.68185224,90.91510525,7.829507245,109.7513927,orange
111,5,50,27.59350075,91.79742953,6.399891457,24.84266123,muskmelon
21,29,12,22.30318989,92.15987039,6.438668989,117.3688104,orange
29,25,14,30.49183837,90.4582865,7.781988584,113.3302105,orange
101,33,33,26.97251562,62.0183627,6.908671379,142.8610793,coffee
76,60,39,20.0454142,80.3477562,6.766240045,208.5810155,rice
116,71,47,27.57278064,82.0638878,6.435785799,91.34276507,banana
29,121,196,22.84852833,94.32130209,6.079497202,123.5977843,apple
19,120,195,18.73932187,81.12109244,5.931538447,73.55807954,grapes
34,15,34,27.05826457,91.10510371,5.677282678,224.7006953,coconut
39,42,20,29.3499706,61.25353851,8.055908858,40.82840673,mothbeans
84,55,38,26.8748389,79.78725152,6.956682743,173.1017097,jute
86,26,27,27.13140403,52.89368299,6.081172981,192.4280381,coffee
95,21,47,27.93114233,93.56161439,6.431970877,20.66127836,muskmelon
31,121,201,23.15791104,90.34396882,5.731535258,110.712841,apple
19,35,24,27.11030369,83.64274107,6.883308033,49.11964582,mungbean
14,121,203,9.724457611,83.74765639,6.158689406,74.46411148,grapes
72,41,36,24.09874353,80.57226761,6.187746776,176.8604109,jute
88,21,27,24.43011925,66.02411187,7.231166546,181.6368274,coffee
75,53,18,20.68899915,59.4375337,6.864793607,103.651438,maize
85,95,47,25.94019018,78.3422098,6.211833161,119.84797,banana
93,85,49,27.96799119,79.28625709,5.694243847,119.4765557,banana
82,24,33,26.53543168,67.09608099,6.809593554,120.6494434,coffee
100,76,45,25.56703012,75.94067692,5.590236025,102.7867717,banana
39,65,23,25.43459777,69.12613376,7.685959305,41.02682925,lentil
106,85,53,27.1994597,78.8086068,5.91505509,99.72430835,banana
74,48,17,21.63162756,60.27766379,6.430616465,69.21803098,maize
1,6,35,27.02269204,95.71935435,6.231662767,147.1682459,coconut
6,66,15,34.93174223,30.40046769,6.345806011,159.2649827,pigeonpeas
100,14,49,29.48882958,91.07574233,6.365956658,26.01909355,muskmelon
88,35,40,23.57943626,83.58760316,5.85393208,291.2986618,rice
5,35,20,28.92952635,53.57014709,9.679240873,66.35634104,mothbeans
114,40,23,25.53676123,81.13668716,6.753978061,95.4262599,cotton
8,120,201,21.18667419,91.13435689,6.321152192,122.233323,apple
24,45,19,26.85851927,48.8246387,5.952384957,34.7426459,mothbeans
32,11,31,29.51611558,92.56492864,6.461225827,131.2116167,coconut
40,27,45,21.6602498,94.79397419,5.885638185,112.4349689,pomegranate
27,63,19,20.93409877,21.1893007,5.562201934,133.1914419,kidneybeans
22,8,33,28.43572863,95.8840407,5.665785202,203.9283708,coconut
38,60,76,18.65054116,17.80852431,8.868741443,77.92798682,chickpea
117,82,45,25.29391516,79.29122198,5.614471478,105.4220251,banana
83,29,52,25.76402693,87.5931128,6.704688865,46.05122728,watermelon
18,23,44,23.71028128,89.61794165,6.184400085,105.6499907,pomegranate
34,140,198,21.70416965,93.44006288,5.751707342,115.1781396,apple
8,23,44,18.47412402,89.68919664,7.130837931,108.4758509,pomegranate
27,138,201,23.66682067,93.90191078,5.952367662,105.4004751,apple
82,75,55,27.34585147,78.4873835,6.281069505,92.15524332,banana
111,50,15,25.16820129,80.30351815,7.884550475,84.62419032,cotton
86,79,45,27.81251452,82.69285419,5.80766417,99.20961514,banana
9,48,22,27.77076285,87.09979549,6.402926221,49.50812624,mungbean
25,62,21,26.73433965,68.13999721,7.040056094,67.15096376,blackgram
21,63,17,25.08966129,68.17543102,6.559681838,41.45486619,lentil
108,60,17,22.75805656,76.75768356,6.558902588,97.76600619,cotton
60,44,23,24.7947077,70.04556743,5.722579819,76.72860067,maize
84,27,29,23.32293161,53.00366334,7.167092586,168.2644287,coffee
129,43,16,25.5503704,77.85055621,6.73210948,78.58488484,cotton
35,51,17,28.79929247,49.84213387,3.558822825,40.85534718,mothbeans
93,58,38,20.61521424,83.77345559,6.932400225,279.5451717,rice
9,21,32,32.26935342,53.56092806,5.870116071,95.94035356,mango
120,8,46,29.55657523,90.70937262,6.732834334,28.36535596,muskmelon
17,11,32,28.74013335,93.39676499,5.620733794,156.7650823,coconut
13,144,197,22.9215706,94.89613443,6.28022267,105.6941544,apple
20,27,41,20.51343484,92.51675903,5.700088663,110.5764023,pomegranate
39,70,15,20.76774783,63.90164154,6.366355781,47.9271552,lentil
43,64,47,38.58954491,91.58076549,6.825664782,102.2708231,papaya
48,61,21,30.28496619,61.69295127,6.628264883,65.62859526,blackgram
32,14,37,22.73031253,88.48567856,6.825256236,104.6843243,pomegranate
82,77,46,28.9470467,82.1888998,5.901100841,95.83016448,banana
14,57,15,29.8757015,83.14796296,6.623438282,40.12044158,mungbean
6,30,40,22.77035608,91.45498527,6.36137446,106.9659201,pomegranate
13,23,6,23.96147583,90.26408017,7.365338111,102.6958703,orange
60,55,44,23.00445915,82.3207629,7.840207144,263.9642476,rice
92,60,23,18.66746724,71.516474,5.721667141,69.93293255,maize
26,18,30,32.06097197,51.08494181,6.336234624,96.59816497,mango
83,94,47,27.39872329,81.10523402,6.469370954,112.1355384,banana
24,56,85,18.19903647,17.41333199,6.545888558,80.6405403,chickpea
80,52,39,26.41915161,76.85691248,7.165696848,197.2101782,jute
40,78,20,19.18572809,20.83398341,5.669236258,80.15293435,kidneybeans
36,66,15,30.08545364,69.34811988,6.668238556,67.1367443,blackgram
33,139,203,33.34214482,82.51034633,5.693287415,70.68098614,grapes
103,51,20,22.80213132,84.14668447,7.046607434,91.6389565,cotton
38,56,25,25.74095321,45.38497051,7.88118645,67.43488235,mothbeans
40,126,201,11.36300891,80.03100049,6.116982944,71.18289431,grapes
22,26,38,22.92052307,85.12912161,6.988035315,110.2437841,pomegranate
25,12,26,28.56973521,95.67906668,6.436314406,134.8370348,coconut
44,57,53,42.30495821,90.51431779,6.93172108,74.876786,papaya
119,44,15,22.14593688,82.8597549,7.091992365,60.65381719,cotton
40,22,29,27.55821802,99.98187601,5.735364307,174.6256481,coconut
35,66,47,31.7018373,91.66232213,6.953439161,48.83810592,papaya
42,58,25,27.45853567,62.90020977,6.513620918,69.46020927,blackgram
115,11,46,24.41592661,89.39655519,6.623167177,40.32161859,watermelon
23,70,15,34.6008247,63.11296779,7.403623355,60.41790253,blackgram
107,22,54,27.99611732,90.84660317,6.630301421,21.61893763,muskmelon
61,41,17,25.1420613,65.26185135,6.021902237,76.68456006,maize
105,77,52,29.16226551,76.16151562,5.816622479,100.0075679,banana
3,60,19,25.74679443,40.7192594,4.820788186,100.7791633,pigeonpeas
27,72,17,28.98039357,57.23265151,6.347929353,120.7435664,pigeonpeas
91,21,50,24.33528185,81.44030363,6.762030215,48.32113628,watermelon
91,38,36,26.5232969,77.17331847,7.287318723,157.8548562,jute
132,41,22,24.29144926,81.02453404,7.810865753,90.41694635,cotton
32,41,16,28.63618921,61.39451307,7.702287236,68.54877876,mothbeans
34,54,24,31.2119298,41.55934359,5.026003659,68.80141783,mothbeans
86,37,16,20.51716779,59.21235483,5.561510732,67.61013737,maize
2,24,38,24.55981624,91.63536236,5.922935513,111.9684622,pomegranate
69,60,54,36.32268069,93.06134398,6.98992719,141.1736926,papaya
4,24,43,22.40423537,88.1508343,7.199504273,109.8695196,pomegranate
73,45,21,24.60532218,73.58868502,6.636803223,96.59195302,maize
54,67,52,35.67667332,93.30641944,6.586107335,141.3381168,papaya
17,43,22,30.06142622,45.90067655,5.498340808,41.0550915,mothbeans
101,87,54,29.07311132,76.50045221,6.376756633,100.1692639,banana
36,26,26,30.17294105,51.0845903,6.814630246,95.23444287,mango
101,10,47,25.5421695,83.31883376,6.936997681,57.57343233,watermelon
84,38,43,26.57421679,73.81994896,7.26158085,159.3223075,jute
29,142,203,29.67229086,83.71498986,5.891195653,66.48490371,grapes
28,79,16,24.70626432,60.26854183,6.052184881,53.12442925,lentil
26,18,42,19.72620525,89.64934166,6.910374919,108.2287276,pomegranate
27,71,23,23.45379018,46.48714759,7.10959773,150.8712202,pigeonpeas
40,62,19,27.32198928,34.13737127,4.697750704,96.51524028,pigeonpeas
65,37,40,23.35905428,83.59512273,5.333322606,188.413665,rice
26,65,22,17.84806561,18.77621951,5.949949081,143.0984171,kidneybeans
5,65,19,18.28072173,68.10365387,6.978361689,48.80253285,lentil
7,144,195,22.96388477,93.58065995,5.85648105,104.6472986,apple
66,58,35,23.5643831,79.46283115,7.321619041,185.25947,jute
105,60,23,23.53371386,77.21705554,6.207652157,87.54004943,cotton
99,15,27,27.0424167,57.27927475,6.501157208,165.6872119,coffee
34,35,21,28.44524991,82.67639542,6.684381357,58.18713162,mungbean
117,25,54,28.68275966,92.50969311,6.150686364,29.11187663,muskmelon
10,37,22,28.7275267,89.12760359,7.069747814,58.52974279,mungbean
121,45,22,22.45942937,81.30681027,6.443785385,64.23026638,cotton
19,72,15,28.83600962,69.76112921,6.890760124,44.08562546,lentil
94,89,48,28.55980972,84.51602322,5.653437902,111.0843029,banana
58,75,25,25.25596239,61.36669662,7.261791753,68.64685069,blackgram
34,56,17,33.4126864,35.42910045,4.548202098,139.6702541,pigeonpeas
101,25,52,29.09910406,94.22237826,6.750145572,22.52497327,muskmelon
72,40,38,20.41447029,82.20802629,7.592490617,245.1511304,rice
31,55,22,22.91350245,21.33953114,5.873171894,109.225556,kidneybeans
33,57,17,27.89636126,88.71782287,6.78415271,57.79863368,mungbean
78,43,42,21.32376327,83.00320459,7.283736617,192.3197536,rice
116,40,33,24.91370487,54.15319242,7.042089492,129.5481144,coffee
114,27,48,27.82054812,93.03555162,6.528404378,26.32405487,muskmelon
136,36,24,22.74446976,80.41198458,7.59781958,90.07326633,cotton
25,70,16,19.63474332,18.90705639,5.759237003,106.3598183,kidneybeans
3,49,18,27.91095209,64.70930606,3.692863601,32.67891866,mothbeans
74,46,45,25.75734909,88.36668522,6.025028997,189.4263485,jute
80,18,31,24.02952505,58.84880599,7.303033217,134.6803969,coffee
111,87,48,26.3985515,81.36028902,5.571401169,98.16752001,banana
6,13,9,34.51423957,90.56151463,7.786725333,118.3271968,orange
89,52,42,23.09433785,81.45139295,6.14132902,196.6587013,jute
30,79,22,18.28766124,69.48515056,6.254216611,48.60449438,lentil
95,26,45,29.91690582,94.55695552,6.117530021,28.16057247,muskmelon
27,73,79,19.16288268,15.83500655,7.354973451,82.69766829,chickpea
61,68,50,35.21462816,91.49725058,6.793245417,243.0745066,papaya
70,38,35,24.39736241,79.26861738,7.014063944,164.2697011,jute
35,64,78,17.92845928,14.27327988,7.496645259,85.37378769,chickpea
29,145,205,22.81227579,92.12992101,6.212302608,109.3383552,apple
115,18,53,29.17052093,94.19790371,6.012480351,22.06994464,muskmelon
3,23,30,29.70143197,95.65754365,6.078807239,215.1968037,coconut
95,52,36,26.22916897,83.83625819,5.543360238,286.5083725,rice
47,63,16,27.44003279,67.10464369,6.661870999,72.50669768,blackgram
67,41,40,25.848795,87.81661683,7.333143205,152.6194403,jute
1,12,30,27.754298,95.94643831,5.56222383,131.0900076,coconut
50,47,48,24.63676897,90.61964344,6.712772333,218.2299187,papaya
20,19,35,34.17719782,50.62161586,6.113935087,98.00687989,mango
85,21,47,29.87331077,90.60932469,6.186770318,24.69720481,muskmelon
54,77,85,17.1418614,17.0662427,7.829211144,83.74606679,chickpea
9,137,200,21.12152071,90.6878768,5.636687393,102.8017203,apple
118,15,45,24.21495706,84.20576992,6.538006356,48.01138482,watermelon
3,56,17,28.19912143,53.50567601,8.709291688,52.13580529,mothbeans
87,21,52,27.3506296,94.2911951,6.067665498,27.21244021,muskmelon
102,73,54,26.4020227,84.41007614,5.720726906,111.0162259,banana
19,122,202,23.34467359,90.37981478,5.811975094,112.8954016,apple
16,35,31,32.27652024,50.19368841,5.316875978,95.99487068,mango
89,60,19,25.19192419,66.6902901,5.913664501,78.06639649,maize
68,58,38,23.22397386,83.03322691,6.336253525,221.2091958,rice
97,50,41,24.52922681,80.54498576,7.070959995,260.2634026,rice
87,28,30,25.60153969,68.66257977,6.536676653,168.8383605,coffee
78,48,22,23.08974909,63.10459626,5.588650585,70.43473609,maize
25,57,19,17.15432954,19.87070659,5.566522896,87.99669731,kidneybeans
100,6,53,29.05248036,93.92217834,6.105909623,23.66620626,muskmelon
32,11,31,25.06871967,93.31410447,6.205931638,134.8419069,coconut
24,53,17,28.95451232,89.07866095,6.421271178,57.65901369,mungbean
76,54,45,24.29496635,77.62976013,6.176618831,184.9800516,jute
65,39,45,23.66805429,70.89000744,6.768001309,184.4633281,jute
107,58,15,23.73868041,75.77503808,7.55606399,76.63669195,cotton
118,88,52,28.65003945,82.68752542,5.843163161,98.75084366,banana
60,55,40,24.9949957,88.95692783,7.02777956,151.4935635,jute
109,21,55,24.9004602,89.73524177,6.770278088,57.44942094,watermelon
82,78,46,25.05802193,84.97323747,5.738678895,110.4408803,banana
0,25,14,19.33516809,91.97978938,6.361671475,116.450422,orange
97,8,52,24.9103226,86.97190046,6.237861736,49.48575692,watermelon
38,15,30,28.91862016,48.13974548,5.075504537,97.01331604,mango
89,9,47,29.47156259,90.77069618,6.668382766,28.75226067,muskmelon
135,43,16,23.47986888,81.73049149,6.720449769,86.76287924,cotton
68,69,52,25.65492304,92.74501561,6.813383387,52.95477913,papaya
90,86,52,25.85036988,81.95580471,5.793260262,119.0856171,banana
35,41,18,28.70562673,81.59200689,6.705008504,59.87065439,mungbean
100,10,53,24.54356968,84.60808277,6.211748957,42.00660251,watermelon
20,72,15,36.00415838,56.01334416,7.313517308,134.8596466,pigeonpeas
3,28,33,30.33723921,48.88704844,5.755049971,94.42850522,mango
89,52,45,24.89326318,77.01222585,7.207457208,196.469984,jute
6,139,199,25.67385024,81.6212135,6.29099842,74.10919422,grapes
31,58,15,27.11026483,84.96771717,7.121571293,51.52617423,mungbean
35,57,83,19.48316794,17.44534641,7.476800943,80.4986291,chickpea
106,10,49,27.72653142,92.00687531,6.350623739,20.21126747,muskmelon
21,74,15,29.49096726,67.10604388,6.471862118,153.2504506,pigeonpeas
61,41,44,24.36972377,82.11319791,6.537914958,159.9210934,jute
75,41,35,24.97042599,78.62697699,6.856833064,166.6415254,jute
109,23,25,25.11711046,68.48030408,7.00733163,194.8773479,coffee
8,15,33,28.97318719,98.09861043,5.50158009,213.9011021,coconut
111,5,47,28.03306461,91.47355778,6.274452811,21.17924769,muskmelon
82,35,35,25.49386782,86.97061481,7.299076163,176.5268267,jute
82,35,44,26.96656378,78.21047693,6.239011,169.8391177,jute
6,37,17,28.08657178,80.35005927,6.760694228,38.14476781,mungbean
99,29,55,29.19378695,91.46241065,6.660954816,26.48240255,muskmelon
39,127,202,15.3246651,81.67215994,6.477768039,71.60102999,grapes
133,47,23,24.88738107,75.62137159,6.827354668,89.76050416,cotton
22,67,78,17.16606398,14.42457525,6.204090835,72.32667516,chickpea
121,47,16,23.60564038,79.29573149,7.723240151,72.49800885,cotton
49,54,50,25.62446619,93.18240298,6.762522087,97.26336657,papaya
28,76,82,20.56601874,14.25803981,6.654425315,83.75937135,chickpea
60,61,78,20.71219282,19.83643308,6.317153205,94.03659867,chickpea
21,134,202,10.72302459,80.02130636,6.425419926,65.2982112,grapes
42,59,55,40.10207731,94.35110201,6.979102243,149.1199989,papaya
89,91,55,25.08347445,80.261731,6.275572298,94.32961456,banana
5,21,38,22.43377991,90.3396556,6.107054808,112.459697,pomegranate
133,50,25,25.72180042,81.19666206,7.569454601,99.93100821,cotton
91,56,37,23.43191632,80.56887849,6.363472208,269.5039162,rice
84,21,55,28.47090661,94.79453182,6.494251024,21.08484101,muskmelon
97,25,50,26.22005978,80.90127035,6.093814669,49.08553937,watermelon
109,26,45,28.27973674,90.38971208,6.224535449,21.58992507,muskmelon
5,68,20,19.04380471,33.10695144,6.12166671,155.3705624,pigeonpeas
131,38,19,23.86814008,75.68339729,6.814341946,90.4547185,cotton
4,47,20,25.97948991,64.95585424,4.193189124,72.19245835,mothbeans
31,53,16,28.7420098,85.81675947,6.452006451,48.54598575,mungbean
123,44,21,25.78544484,75.00539324,7.641116569,91.39578861,cotton
42,73,25,34.03679184,67.21113844,6.501869314,73.23573601,blackgram
2,131,199,22.47420512,91.22759742,6.017370134,124.2179699,apple
17,73,18,19.50112224,34.51086611,5.632353113,197.3752649,pigeonpeas
24,130,195,29.99677232,81.54156612,6.112305667,67.12534492,grapes
18,125,204,22.35548159,94.47811755,6.046673619,116.7366261,apple
34,66,17,18.81097271,21.27833035,5.889614577,125.084915,kidneybeans
120,48,16,22.46054478,75.40989245,7.456971816,71.85436078,cotton
38,19,31,34.73823882,49.08864345,5.855119268,90.65022183,mango
14,55,15,27.33580911,55.27755933,8.050304395,73.44775287,mothbeans
23,7,34,26.1055118,91.52421214,5.852038202,134.1279669,coconut
19,36,22,25.44689075,58.55363573,6.16496284,57.04826619,mothbeans
89,40,43,26.24532085,72.97198375,7.124050134,189.9711184,jute
110,71,54,28.67208915,82.20793613,5.725418961,94.37987496,banana
16,73,19,18.41645629,34.80541039,4.684079249,163.2747473,pigeonpeas
93,83,46,29.38254012,83.50423735,5.765308943,109.2486647,banana
3,26,39,24.38318965,91.19431555,7.079973241,103.6012114,pomegranate
4,6,7,23.01014302,91.11764246,6.708889665,112.6738296,orange
42,60,47,33.46873719,92.12746225,6.834808348,136.8277041,papaya
93,43,38,23.61475336,86.14290267,6.987332927,150.2355238,jute
122,59,18,23.5000992,83.63488952,6.219469084,79.81328183,cotton
86,55,21,21.54156232,59.64024162,6.803931519,109.7515385,maize
2,78,23,21.31852148,66.43934593,7.320514721,45.42616802,lentil
21,78,19,27.16159076,66.76017239,6.92009048,69.85112265,blackgram
32,79,15,23.90910104,20.74619325,5.706198621,81.60211243,kidneybeans
115,12,52,27.51492243,94.96218673,6.685553129,21.01796432,muskmelon
6,72,15,22.99451999,66.70897237,7.670178119,54.49044154,lentil
27,24,41,24.32770134,90.88292835,6.610251186,110.4606459,pomegranate
13,5,8,23.85340379,90.10522549,7.474710503,103.923226,orange
25,59,19,29.06631494,83.6869203,6.626629798,43.95183726,mungbean
100,24,28,25.59535262,57.72920846,7.101661011,195.7733251,coffee
67,55,44,26.284017,75.14640198,7.251847296,182.2685447,jute
22,60,85,18.8392908,14.74071856,7.811997977,94.78189594,chickpea
17,64,17,21.02213209,24.93896255,5.662699104,124.6118471,kidneybeans
30,37,25,29.89129144,80.14487166,7.120032489,54.7960127,mungbean
36,38,15,28.36363858,87.59810657,6.320662012,57.99524359,mungbean
47,80,77,17.18248372,16.42891834,7.561108006,72.85017344,chickpea
43,66,79,19.46233971,15.22538951,7.976607593,74.58565097,chickpea
14,67,22,23.82576704,24.75485098,5.624690248,84.64143632,kidneybeans
108,89,53,29.12036889,80.18080728,5.908770059,112.3982055,banana
34,59,23,28.56212158,83.24855855,6.935804256,56.48265193,mungbean
77,36,37,26.88444878,81.46033732,6.136131869,194.5766559,rice
52,65,20,32.81705216,66.15665137,6.814301033,68.83924882,blackgram
39,129,203,34.38922481,83.18392806,5.863996687,71.03001556,grapes
91,7,53,25.13735887,89.28272716,6.457216535,43.52897517,watermelon
22,133,201,23.81995682,80.12211649,6.00299607,67.2739864,grapes
23,59,19,21.98560799,24.87304788,5.852046999,129.5650601,kidneybeans
40,16,35,31.89356292,49.02450149,6.4841522,89.59371481,mango
90,46,42,23.97898217,81.45061596,7.50283396,250.0832336,rice
38,36,21,28.02952623,84.8845732,6.556372966,36.12042927,mungbean
50,56,76,20.99502153,19.8601304,7.966605025,73.50734019,chickpea
13,22,5,19.667056,90.50096668,7.764040111,100.1737964,orange
11,124,204,13.42988625,80.06633966,6.361141107,71.40043037,grapes
80,26,55,24.53442564,88.989272,6.140099215,49.11618732,watermelon
93,26,27,24.59245684,56.46829641,7.288211994,137.7044047,coffee
16,15,42,19.67832052,89.08935702,6.890784045,108.5468633,pomegranate
1,135,203,22.77856513,92.70124029,5.624203283,113.7759219,apple
28,23,28,30.01821337,50.0983181,5.676032581,96.08745082,mango
101,75,50,26.59386409,81.40740301,6.242528278,109.9825551,banana
127,53,24,22.21506982,76.17851932,6.127939628,70.40557612,cotton
86,39,43,26.14576648,71.23690851,6.432051512,193.1007598,jute
32,141,204,8.825674745,82.89753705,5.536645599,67.235765,grapes
126,50,19,24.69457084,81.7358876,6.628722836,78.58494391,cotton
82,18,48,29.09588297,94.16748386,6.159050816,26.70581328,muskmelon
108,92,53,27.40053601,82.96221306,6.276800323,104.9378,banana
5,15,38,18.26233221,88.16779129,5.709380472,108.0756727,pomegranate
11,132,197,15.99050693,81.23966573,5.734317007,74.40198861,grapes
24,27,9,18.86883219,93.24688124,6.157135092,119.3936976,orange
111,29,31,26.05968403,52.31098539,6.136286518,161.3432535,coffee
31,37,21,27.23924995,86.404241,6.713410626,37.31236904,mungbean
2,21,44,18.92157197,87.31290342,6.56893406,102.8013275,pomegranate
60,46,22,24.89364635,65.61418761,6.625404348,87.9298085,maize
108,24,31,24.12832546,56.18107663,6.431899748,147.2757818,coffee
31,51,25,27.53592929,85.5701901,7.196774236,53.01899249,mungbean
20,8,12,25.2990432,94.96419851,7.260416405,117.9733424,orange
17,74,17,26.03026959,69.55863145,7.393210848,37.11395801,lentil
102,49,21,24.69315538,84.84422454,6.253343655,89.799462,cotton
35,72,21,34.03619494,64.28791388,7.741418772,66.85510868,blackgram
26,126,195,21.41363812,92.99124545,5.878568981,118.3979065,apple
24,140,205,12.087022,83.59398734,5.93202852,68.66813363,grapes
20,60,78,18.17234999,14.70085967,6.358740355,90.7760707,chickpea
83,15,49,28.92705913,91.39356832,6.438008153,23.20076686,muskmelon
33,121,203,22.45696744,94.76285385,5.605934087,114.8407725,apple
18,17,31,31.74592134,45.16127859,5.667507706,93.75441586,mango
6,77,20,25.78746268,60.2816298,6.058306161,49.14337177,lentil
10,56,16,28.17432665,81.04554836,6.828187499,36.35720652,mungbean
16,8,9,24.60297538,91.28408653,7.601189843,111.2948115,orange
131,49,22,25.49848236,79.9751579,7.306918817,67.05961949,cotton
113,15,29,27.09617155,63.55324262,6.779230041,190.2440566,coffee
32,66,17,34.9466155,65.26774011,7.162357641,70.1415139,blackgram
20,50,22,30.99694676,46.42693735,9.406887533,38.31597852,mothbeans
117,43,25,24.68854799,78.51206972,7.839849298,69.31153566,cotton
28,136,200,23.06204373,92.39544055,6.245858905,114.7399101,apple
9,8,15,14.34320488,94.35734702,7.994465371,110.2223123,orange
60,36,43,23.43121862,83.06310136,5.286203711,219.9048349,rice
76,51,18,26.16985907,71.96246617,6.247040422,79.84925393,maize
93,53,38,26.92995077,81.91411159,7.069172227,290.6793783,rice
14,67,15,19.56376468,24.67385131,5.690065688,139.2921004,kidneybeans
40,45,18,30.43683729,55.20522037,5.261285926,30.92014047,mothbeans
26,15,6,17.22034507,94.78797376,6.912033409,108.0054343,orange
27,64,15,20.16080524,24.84207559,5.514927264,138.2362122,kidneybeans
7,23,35,19.75088482,88.71691157,7.054313823,102.5538035,pomegranate
11,74,17,21.36383757,69.92375891,6.633864582,46.6352865,lentil
89,57,43,26.91515043,73.19897535,6.998787171,177.2233048,jute
36,11,13,17.34083741,93.04897191,7.1917274,112.7194284,orange
7,73,25,27.52185591,63.13215259,7.28805662,45.20841071,lentil
20,142,196,10.89875873,80.01639435,6.207600783,68.69420397,grapes
24,80,19,29.67892453,69.0854554,6.808041722,65.66436565,blackgram
131,52,16,23.65724079,84.47601498,6.486068274,88.54479121,cotton
11,40,23,29.61253065,63.04749127,5.80428611,50.1978269,mothbeans
2,56,23,26.65333029,59.79023382,7.550090941,36.91852635,mothbeans
21,139,201,19.3642553,83.36094029,5.980598579,67.15094741,grapes
95,12,51,25.76484262,84.1726996,6.681606702,44.22066914,watermelon
18,125,203,22.44307715,91.59234006,6.160267496,102.5565807,apple
119,25,51,26.47330219,80.92254421,6.283818329,53.65742581,watermelon
7,45,22,25.50634557,44.8302551,9.926212291,74.32635105,mothbeans
107,71,55,29.42017919,83.96754496,6.088064451,117.229079,banana
20,68,17,30.11873003,60.11680815,6.578714843,71.72980375,blackgram
62,59,41,24.2248758,74.89465426,7.175170657,192.4931257,jute
64,45,43,25.62980105,83.52842314,5.534878156,209.9001977,rice
8,133,195,20.46657776,80.97598029,6.456079585,71.29813872,grapes
70,65,52,30.42012134,93.12659793,6.583528529,75.95295,papaya
140,40,17,22.72767171,77.07598065,6.006085786,77.55176318,cotton
115,31,30,24.22984659,67.37768353,6.840927967,122.4073418,coffee
0,27,38,22.44581266,89.90147027,6.738016221,109.3905998,pomegranate
49,61,45,32.76795887,94.57377401,6.764213299,240.4795923,papaya
19,24,15,20.48954522,93.72485075,7.137136973,111.8391951,orange
37,79,19,27.54384835,69.3478631,7.143942758,69.40878198,blackgram
11,46,24,27.65280218,89.80650642,6.459252023,56.52558045,mungbean
19,78,16,20.65375833,23.10538637,5.967533236,67.71768947,kidneybeans
29,77,75,17.50361137,15.48083156,7.778591618,72.9446671,chickpea
26,66,22,18.06486101,65.1034354,6.300479414,51.54922825,lentil
27,8,30,26.44600063,98.29937782,6.008386283,221.2258168,coconut
0,36,26,34.13072188,51.25786185,5.101206389,96.38808001,mango
29,78,25,19.95991719,59.33157782,5.982854523,195.787103,pigeonpeas
77,51,44,23.25583402,82.7015932,7.124333547,166.2160846,jute
132,52,19,24.16402322,76.7433897,6.436691764,61.94626051,cotton
114,30,51,29.24908541,90.06998135,6.069171847,25.93496537,muskmelon
6,13,29,27.31155708,99.96906006,5.832608028,201.8258633,coconut
92,75,45,29.01207743,77.95192527,5.674403359,90.43495443,banana
105,30,50,25.29954705,81.77527562,6.37620108,57.04147057,watermelon
111,79,53,28.31193338,75.77363772,6.165001278,119.695765,banana
89,47,38,25.52468965,72.24850829,6.002524871,151.8869972,jute
14,8,43,21.92513945,94.46485312,7.051654924,111.7162016,pomegranate
27,56,20,19.25975367,20.51346956,5.542690119,94.9533526,kidneybeans
60,46,53,24.48620746,92.98254537,6.761953186,183.49095,papaya
80,77,49,26.05433004,79.39654531,5.519088423,113.2297373,banana
22,30,12,15.78144173,92.51077745,6.354006744,119.035002,orange
85,37,39,24.52783742,82.73685569,6.364134968,224.6757231,rice
39,17,45,18.09691127,90.42177379,6.924490731,104.88189,pomegranate
82,20,54,29.34033587,90.01506395,6.541150335,21.44532907,muskmelon
90,48,45,24.06475727,71.31342851,6.509174789,153.6390212,jute
19,7,9,27.255435,91.71369387,6.969883483,101.139435,orange
14,18,35,31.09154239,47.02058367,4.791146778,91.46664318,mango
23,142,197,39.06555518,82.03812973,6.000573725,69.30772897,grapes
55,77,22,31.4345059,62.99303471,7.76061831,64.77651469,blackgram
37,50,23,29.65296893,88.48587386,6.5304707,56.01913159,mungbean
1,29,29,27.32961444,49.30347234,6.052026047,93.53197359,mango
34,60,16,31.35730791,64.24992106,7.322555223,63.85668948,blackgram
92,85,51,29.22118628,81.08183635,5.740764682,108.8616474,banana
29,68,23,24.1638445,19.27907819,5.82738029,116.7324324,kidneybeans
39,28,10,31.34920143,91.48247612,7.181907673,109.1549823,orange
34,61,49,28.12971499,93.3210737,6.502675132,117.8201907,papaya
66,54,21,25.19008683,60.2001687,5.919045532,72.12375573,maize
30,41,15,24.83206631,44.17085032,5.88509677,52.0810886,mothbeans
20,60,22,29.65052947,42.89833235,6.876572503,186.9226052,pigeonpeas
20,139,202,23.50201428,92.21083961,5.66999105,107.9868949,apple
102,46,19,22.77076388,82.5993307,6.631005298,81.49543437,cotton
117,76,47,25.56202173,77.38229006,6.119216009,93.10247183,banana
98,44,21,25.77175115,74.089114,6.524478032,107.4931917,maize
104,25,51,28.96361426,93.88482153,6.469983276,23.56130173,muskmelon
83,11,53,29.54097171,92.91778307,6.163921248,21.9653077,muskmelon
33,143,204,21.1316077,91.95769858,5.814434775,122.5391946,apple
28,10,30,29.8690834,91.14723422,6.305740522,192.7678575,coconut
39,30,38,20.12644921,87.59629625,6.965156738,108.065579,pomegranate
76,47,42,20.08369642,83.29114712,5.739175027,263.6372176,rice
20,45,22,29.5888162,89.9939693,6.904587016,54.96121262,mungbean
26,52,23,29.98835437,49.60384796,4.931890506,52.92929636,mothbeans
20,74,16,36.04353699,43.61444121,4.759490199,159.8938645,pigeonpeas
29,45,16,28.43683487,87.91332682,6.583381939,43.12063289,mungbean
17,64,16,30.97758716,32.24914235,7.161797643,180.716828,pigeonpeas
32,70,20,20.89342749,46.24856523,6.208843215,195.5697875,pigeonpeas
22,18,31,30.7645515,47.93791463,5.956027059,90.38503469,mango
16,51,21,31.01963639,49.9767522,3.532008668,32.81296548,mothbeans
13,57,25,28.30041493,86.20681554,6.86308576,50.47333854,mungbean
20,45,17,28.17458662,83.69659318,6.770955317,37.2464655,mungbean
98,26,52,27.33897716,90.69759008,6.150090899,28.69113835,muskmelon
117,27,48,26.53259325,82.39053979,6.835268184,54.30660782,watermelon
103,27,31,27.15998538,51.59100753,6.691541233,126.1752206,coffee
98,53,38,20.26707606,81.63895217,5.01450727,270.4417274,rice
22,54,20,28.56149805,83.63802195,6.689825155,41.013132,mungbean
2,143,196,22.71271308,90.45261746,5.669489065,109.8852597,apple
39,16,27,35.53845018,52.94641947,4.934964765,91.54560427,mango
114,20,26,25.55656667,62.67087838,7.27905689,193.5866233,coffee
74,39,38,23.24113501,84.59201843,7.782051313,233.0453455,rice
12,78,23,16.06522754,18.72479695,5.99812453,88.06638775,kidneybeans
98,7,45,27.79161808,92.51054946,6.157724816,26.85422624,muskmelon
116,23,25,23.4123707,52.26994674,6.869720196,139.3670753,coffee
21,23,42,19.54128063,90.29751796,6.902751061,104.3739878,pomegranate
1,48,24,29.34594634,85.60472562,6.232836962,59.03629954,mungbean
9,69,20,19.30607278,23.96362799,5.591560999,129.3449326,kidneybeans
13,126,204,23.1094265,92.79630809,6.383180271,108.183792,apple
65,62,51,31.53243779,90.87394933,6.511624841,207.0735119,papaya
111,32,34,25.46743689,69.35161206,6.392048018,171.3764462,coffee
38,141,198,13.05809741,80.28297993,5.757009965,70.75633584,grapes
102,45,16,23.65629976,77.52425987,7.2942193,74.8984994,cotton
7,126,203,16.76201707,82.00335557,5.662140095,73.28712806,grapes
31,75,18,15.46789263,21.43780702,5.824208309,88.88796102,kidneybeans
32,60,83,19.69141713,19.44225438,8.829273328,91.76071648,chickpea
1,76,17,28.43430726,52.10010827,6.012719118,147.0414824,pigeonpeas
82,24,26,24.31274458,53.57285558,6.089443603,184.4103931,coffee
3,9,35,26.91641934,99.84671638,6.318552973,225.6323656,coconut
112,54,15,25.46228792,81.56641891,6.175492306,76.88582484,cotton
37,77,20,25.93381964,68.70533022,7.080506001,51.02372773,lentil
31,29,35,27.1872282,92.19906776,6.137102505,141.3220576,coconut
39,70,52,26.26559543,90.79668055,6.65149129,59.49373381,papaya
35,138,200,21.19909519,90.80819418,5.67130617,103.6838922,apple
45,58,49,30.10773379,90.34546355,6.827812549,75.24521981,papaya
39,73,24,25.65842532,61.18235808,7.22405917,69.28607828,blackgram
42,62,75,18.17912258,18.90426935,7.010570541,81.84997529,chickpea
95,55,42,26.79533926,82.1480873,5.950660556,193.3473987,rice
59,60,84,19.03025305,18.66725565,7.690962338,94.70992037,chickpea
104,73,46,29.1400919,80.1190228,6.28236237,90.45142867,banana
38,135,203,41.36106301,82.79782954,6.444373116,69.92107482,grapes
14,29,32,35.63627319,48.97047762,6.942520105,97.51952041,mango
90,44,38,23.83509503,83.88387074,7.473134377,241.2013513,rice
21,17,15,23.98289638,91.5473145,7.455991072,118.4901697,orange
95,23,45,27.82424457,90.56698742,6.266208727,21.19014526,muskmelon
6,59,21,26.58972517,66.14007674,6.139215944,50.90994463,lentil
6,62,22,20.53052663,18.09224048,5.824090984,120.4509288,kidneybeans
4,19,42,23.83185873,87.84034604,6.306605528,111.2232716,pomegranate
93,22,52,26.58740671,81.32563243,6.932739726,41.87540028,watermelon
37,126,196,23.59997268,90.97597665,5.596449493,107.1728191,apple
33,134,205,21.0365275,94.33919546,6.08551916,114.7412734,apple
114,8,52,29.34081108,94.5513539,6.419083092,28.22908103,muskmelon
7,79,23,19.6365349,19.68751084,5.821649914,96.65888933,kidneybeans
0,65,15,23.46168338,23.22197648,5.645435626,95.84253438,kidneybeans
106,21,35,25.627355,57.04151119,7.428523634,188.5506536,coffee
39,29,29,26.50908611,94.48414544,6.143662699,199.8778403,coconut
25,17,40,18.91251245,87.74938524,6.608023872,111.2800516,pomegranate
1,132,200,16.27852801,82.94270065,5.620745638,66.57462809,grapes
35,57,25,27.0956288,42.26206161,8.340398059,71.1271039,mothbeans
118,12,47,27.96872279,92.17444796,6.010739645,28.94766949,muskmelon
26,32,32,30.91471455,49.92963856,6.810186079,90.14047759,mango
118,21,51,24.42998931,86.33904774,6.678805092,48.58241822,watermelon
101,58,18,25.66891439,81.38103349,6.652143699,78.59595817,cotton
109,31,27,23.05951896,50.40609436,6.973839707,164.4971875,coffee
71,46,40,20.2801937,82.1235421,7.236705436,191.9535738,rice
86,18,45,28.96586565,90.71832938,6.566759102,22.25838137,muskmelon
35,63,76,17.81564548,17.60756635,7.714153038,90.82097601,chickpea
6,36,22,24.21610338,59.79236306,8.869532817,42.24783476,mothbeans
97,74,45,26.47522633,78.51833782,5.677719902,113.1161095,banana
7,141,195,23.8812458,93.45067555,5.514253142,104.9116663,apple
36,61,21,34.53823889,39.04468913,5.617008201,168.5948318,pigeonpeas
84,36,28,26.7350622,55.55164819,6.119892347,140.6305213,coffee
3,78,18,20.21368219,68.65257685,6.887130053,50.89732989,lentil
31,130,198,21.80129837,92.73446667,5.554823557,120.0586671,apple
6,68,18,24.388717,62.50453062,6.711341147,47.26052494,lentil
22,62,16,34.6455408,54.32342534,4.828936119,180.9009998,pigeonpeas
2,75,22,23.89271875,61.78779413,6.658605362,52.55730112,lentil
3,67,24,17.00067625,19.90790546,5.520880014,103.2926407,kidneybeans
85,35,32,26.24928198,54.28617819,6.854011265,133.1120232,coffee
36,7,37,19.8671184,86.35590206,5.782435567,108.3168858,pomegranate
11,27,30,27.69637763,48.5622488,6.39474303,89.85646496,mango
8,120,196,24.06679352,82.66396666,6.053662544,69.81855775,grapes
105,56,15,25.96779712,81.97904282,7.272316209,74.14169043,cotton
91,84,52,29.14827211,78.71024836,6.390741836,117.536781,banana
20,60,25,27.3254209,69.09047809,6.726469088,61.19250859,blackgram
9,17,32,25.94951662,93.40548703,5.842317989,172.0540491,coconut
113,33,34,26.00373964,62.1445102,6.559817161,153.477776,coffee
44,59,78,20.67526473,19.85388984,7.599033472,84.78344008,chickpea
10,44,24,30.99256944,43.02151392,8.0344125,58.27600682,mothbeans
28,27,34,32.45465292,50.69693751,6.526654345,95.04871605,mango
105,74,45,25.14517635,81.38204104,6.098369122,119.218154,banana
57,57,51,39.01793345,91.48815629,6.99223441,105.8841531,papaya
10,70,19,24.84918386,68.98088448,7.272427638,41.61080544,lentil
87,25,46,27.42711692,90.02696201,6.379690748,21.7508774,muskmelon
25,7,35,28.38503882,99.18843684,5.55771171,189.6711349,coconut
12,37,30,31.09779147,47.41196659,4.546466109,90.28624348,mango
27,22,29,28.83214859,92.17170353,6.000248647,145.4172387,coconut
29,128,198,22.44075021,92.70785115,5.685062404,121.4977331,apple
61,51,51,39.30050027,94.16193416,6.574677594,120.9512466,papaya
39,69,53,25.9300384,93.02357765,6.964955435,241.8202079,papaya
29,138,197,22.19055385,92.43764169,5.830892252,121.6622761,apple
39,132,196,35.83089092,83.32560104,5.778594403,73.67984885,grapes
56,79,15,29.48439992,63.19915325,7.454532137,71.89090748,blackgram
14,41,17,29.12939524,88.48312598,7.085982325,36.45012824,mungbean
12,129,205,22.36238282,91.15761594,6.119432215,118.6832725,apple
96,41,40,23.58419277,72.00460848,6.090060478,190.4242157,jute
32,145,203,23.83053666,90.84422164,6.406818518,109.5966791,apple
56,67,78,17.57445618,16.71826572,8.255450758,77.81891424,chickpea
63,47,35,26.98582182,89.05587886,7.432768147,193.8778713,jute
2,40,27,29.73770045,47.54885174,5.954626604,90.09586854,mango
84,51,35,22.30157427,80.64416466,6.043304899,197.9791215,rice
16,139,203,17.82803682,80.96093443,6.27564088,65.84748763,grapes
38,72,21,28.23416057,49.4421345,5.902103172,186.5008581,pigeonpeas
4,18,37,22.91843172,85.40695044,7.13147457,106.2817706,pomegranate
30,75,81,19.41789736,16.80472243,6.408437886,68.4951189,chickpea
37,137,199,22.63946441,90.18451645,5.697945522,108.3405879,apple
8,16,6,12.22816189,90.26457428,7.106650373,108.4161706,orange
117,86,48,28.6956201,82.54195839,6.225225239,116.1616839,banana
0,19,31,25.51791333,94.38420565,6.271952833,178.7297725,coconut
98,35,18,23.79746068,74.82913698,6.252797548,91.76337172,maize
63,41,45,25.29781791,86.8870535,7.121933579,196.6249511,jute
4,69,19,19.25100056,47.70351758,5.374358869,149.063196,pigeonpeas
31,30,29,26.58580443,90.98617591,5.558807063,178.8116076,coconut
9,38,25,34.58561471,50.34035336,5.497946899,100.3060719,mango
111,41,18,23.64328417,78.1258666,6.10539819,80.96157332,cotton
101,37,18,22.92360984,82.68738535,7.63737841,92.91915074,cotton
8,37,33,28.07802689,54.9640534,6.128167757,97.45373619,mango
25,22,25,33.56150184,45.53556603,5.977413803,95.70525913,mango
33,77,15,23.89736406,66.32102048,7.802212437,40.74536757,lentil
99,70,46,26.59580783,82.99556744,5.727469947,100.5123341,banana
23,45,21,31.46511256,51.79939437,8.985348193,74.44330654,mothbeans
52,51,53,38.38231475,93.10378595,6.985804083,210.2735346,papaya
21,63,22,25.09737391,67.72837887,6.859409487,74.61649888,blackgram
33,75,84,19.46210401,18.72831993,7.217018459,68.81405149,chickpea
36,65,80,18.2872007,16.67921616,6.051091339,74.87445574,chickpea
68,41,16,21.77689322,57.80840636,6.158830619,102.0861694,maize
134,52,18,23.9643129,76.59175937,7.994679507,76.13090645,cotton
99,5,47,24.13078816,84.84494575,6.649086972,51.19470197,watermelon
50,60,47,32.57720726,92.74889453,6.92791761,93.7942847,papaya
118,33,30,24.13179691,67.22512329,6.362607851,173.3228386,coffee
118,13,54,24.41311871,89.81574032,6.039584629,44.07843475,watermelon
35,58,20,29.38538562,63.47742011,5.761702519,90.05422663,pigeonpeas
23,75,25,31.07508973,47.19847683,7.077170002,91.31256412,pigeonpeas
37,77,17,36.20970524,31.94550613,5.617122801,191.0658531,pigeonpeas
87,28,35,26.5602777,57.1621814,6.759211911,152.0616227,coffee
59,47,53,32.86316618,91.4618874,6.850663232,47.271547,papaya
28,74,81,18.01272266,18.30968112,8.753795334,81.98568791,chickpea
107,11,54,28.59052369,91.33617236,6.094016338,29.44008034,muskmelon
59,55,19,31.74379487,62.51007687,7.332375138,68.97097538,blackgram
108,35,25,23.98143338,61.10935084,6.971963169,161.5279095,coffee
120,23,28,25.67324193,51.29043632,6.877799264,196.2736367,coffee
37,38,32,31.85744939,45.53106268,5.417340525,91.55845821,mango
8,60,18,31.21629982,46.01868196,3.808429173,53.1205277,mothbeans
37,56,25,22.05592283,19.60379304,5.774755144,126.7265372,kidneybeans
91,53,40,26.52723513,81.41753846,5.386167788,264.6148697,rice
29,75,75,19.62416326,18.71483156,7.064790365,88.4585692,chickpea
9,51,19,27.04453473,49.32609633,5.49091063,48.25207759,mothbeans
136,36,20,23.09595631,84.86275707,6.925412377,71.29581071,cotton
37,65,16,22.8352024,18.97267518,5.683548308,63.59276673,kidneybeans
5,29,44,21.02432943,93.0569505,5.578095745,104.7847006,pomegranate
69,51,23,22.21738222,72.85462807,6.80163854,106.6213157,maize
39,57,19,29.32379604,45.93248374,6.421748487,165.4113371,pigeonpeas
133,57,19,23.54234715,75.98203329,7.947011366,84.12536744,cotton
22,23,44,20.13037175,89.31505137,6.143874691,107.3416913,pomegranate
36,43,21,28.36319404,84.8593608,7.140437859,52.93031105,mungbean
40,11,44,24.45840036,86.10874614,6.322396027,111.3779693,pomegranate
3,141,197,21.98141856,91.12719303,6.142803397,115.4789148,apple
89,22,52,24.89681131,86.10782926,6.217300786,53.14626213,watermelon
23,6,33,29.18032562,92.73041222,6.025789594,204.9603677,coconut
18,57,21,27.37659643,63.93927841,6.155915975,49.47371773,lentil
32,139,198,35.89307536,82.66850729,6.358186848,66.53946559,grapes
108,38,24,23.41022496,76.43836957,7.442217061,78.82199603,cotton
37,24,13,19.14381903,90.71037456,7.8546243,108.0230792,orange
50,55,16,28.81460716,65.33538112,7.581442888,62.26242533,blackgram
104,20,26,27.22783677,52.95261751,7.493191968,175.7260273,coffee
40,120,197,23.80593812,92.48879468,5.889480679,119.6335548,apple
37,36,26,32.89300162,52.61323969,4.650536197,94.49161372,mango
108,46,17,24.3017998,84.87668973,6.93221485,65.0247867,cotton
31,137,196,22.14464104,93.82567435,6.400321212,120.6310784,apple
33,80,22,28.57006111,65.71765781,6.593961761,70.0866434,blackgram
70,36,42,21.84106875,80.72886384,6.946209881,202.3838319,rice
34,66,19,32.97030511,60.18122078,7.586642101,73.44678678,blackgram
19,65,25,18.09551014,18.29318436,5.625096446,144.7902323,kidneybeans
13,61,24,18.29783597,69.6897615,7.629910253,49.39111479,lentil
